Workbook

Sheet Mansfield
A1: WEEK 1 - Mansfield
A2: Name | B2: # | C2: Solo | D2: Assisted | E2: Total | F2: TFL | G2: Sacks | H2: Hurry | I2: PBU | J2: INT | K2: FF | L2: FR | M2: BEP | N2: BK
A3: Kameron Harris | B3: 1 | C3: 5 | D3: 2 | E3: =SUM(C3:D3) -> 7 | F3: 0 | G3: 0 | H3: 0 | I3: 0 | J3: 0 | K3: 0 | L3: 1 | M3: 0 | N3: 0
A4: Jamall Carey | B4: 2 | C4: 1 | D4: 1 | E4: =SUM(C4:D4) -> 2 | F4: 0 | G4: 0 | H4: 0 | I4: 1 | J4: 0 | K4: 0 | L4: 0 | M4: 0 | N4: 0
A5: Abreon Curry | B5: 4 | C5: 1 | D5: 2 | E5: =SUM(C5:D5) -> 3 | F5: 0 | G5: 0 | H5: 0 | I5: 0 | J5: 0 | K5: 1 | L5: 0 | M5: 0 | N5: 0
A6: Javen Calloway | B6: 5 | C6: 3 | D6: 5 | E6: =SUM(C6:D6) -> 8 | F6: 1 | G6: 1 | H6: 1 | I6: 0 | J6: 0 | K6: 0 | L6: 1 | M6: 0 | N6: 0
A7: Treshun Young | B7: 6 | C7: 3 | D7: 4 | E7: =SUM(C7:D7) -> 7 | F7: 0 | G7: 0 | H7: 0 | I7: 1 | J7: 0 | K7: 0 | L7: 0 | M7: 0 | N7: 0
A8: Kennedy Burns | B8: 10 | C8: 1 | D8: 1 | E8: =SUM(C8:D8) -> 2 | F8: 1 | G8: 0 | H8: 0 | I8: 0 | J8: 0 | K8: 0 | L8: 0 | M8: 0 | N8: 0
A9: Jeremiah Jones | B9: 11 | C9: 2 | D9: 4 | E9: =SUM(C9:D9) -> 6 | F9: 2 | G9: 1 | H9: 0 | I9: 0 | J9: 0 | K9: 2 | L9: 0 | M9: 0 | N9: 0
A10: Tyree Davis | B10: 22 | C10: 0 | D10: 2 | E10: =SUM(C10:D10) -> 2 | F10: 1 | G10: 0 | H10: 0 | I10: 0 | J10: 0 | K10: 0 | L10: 0 | M10: 0 | N10: 0
A11: Holt Holliday | B11: 24 | C11: 0 | D11: 1 | E11: =SUM(C11:D11) -> 1 | F11: 0 | G11: 0 | H11: 0 | I11: 0 | J11: 0 | K11: 0 | L11: 0 | M11: 0 | N11: 0
A12: Kaiden Britton | B12: 29 | C12: 0 | D12: 1 | E12: =SUM(C12:D12) -> 1 | F12: 0 | G12: 0 | H12: 0 | I12: 0 | J12: 0 | K12: 0 | L12: 0 | M12: 0 | N12: 0
A13: Davion Mims | B13: 31 | C13: 1 | D13: 1 | E13: =SUM(C13:D13) -> 2 | F13: 0 | G13: 0 | H13: 1 | I13: 0 | J13: 0 | K13: 0 | L13: 1 | M13: 0 | N13: 0
A14: Ian Clark | B14: 32 | C14: 0 | D14: 1 | E14: =SUM(C14:D14) -> 1 | F14: 0 | G14: 0 | H14: 0 | I14: 0 | J14: 0 | K14: 0 | L14: 0 | M14: 0 | N14: 0
... A22: Isaiah McCuin | B22: 62 | C22: 0 | D22: 0 | E22: =SUM(C22:D22) -> 0 | F22: 0 | G22: 0 | H22: 0 | I22: 0 | J22: 0 | K22: 0 | L22: 0 | M22: 0 | N22: 0
A23: Tyson Crew | B23: 35 | E23: =SUM(C23:D23) -> 0
A24: Jaquarian Martin | B24: 43 | E24: =SUM(C24:D24) -> 0
A25: Malik Harrison | B25: 86 | E25: =SUM(C25:D25) -> 0
A26: Jakellson Thompson | B26: 18 | E26: =SUM(C26:D26) -> 0
A27: Regi Noles | B27: 79 | E27: =SUM(C27:D27) -> 0
A28: Noal Wiggins | B28: 82 | E28: =SUM(C28:D28) -> 0
E29: =SUM(C29:G29) -> 0
E30: =SUM(C30:G30) -> 0
E31: =SUM(C31:G31) -> 0
E32: =SUM(C32:G32) -> 0
E33: =SUM(C33:G33) -> 0
E34: =SUM(C34:G34) -> 0
E35: =SUM(C35:G35) -> 0

Sheet Homer
A1: WEEK 2 - at Homer
A2: Name | B2: # | C2: Solo | D2: Assisted | E2: Total | F2: TFL | G2: Sacks | H2: Hurry | I2: PBU | J2: INT | K2: FF | L2: FR | M2: BEP | N2: BK
A3: Kameron Harris | B3: 1 | C3: 1 | D3: 1 | E3: =SUM(C3:D3) -> 2 | F3: 0 | G3: 0 | H3: 0 | I3: 0 | J3: 1 | K3: 0 | L3: 0 | M3: 0 | N3: 0
A4: Jamall Carey | B4: 2 | E4: =SUM(C4:D4) -> 0
A5: Abreon Curry | B5: 4 | C5: 2 | D5: 0 | E5: =SUM(C5:D5) -> 2 | F5: 0 | G5: 0 | H5: 0 | I5: 0 | J5: 0 | K5: 0 | L5: 0 | M5: 0 | N5: 0
A6: Javen Calloway | B6: 5 | C6: 0 | D6: 3 | E6: =SUM(C6:D6) -> 3 | F6: 0 | G6: 0 | H6: 0 | I6: 0 | J6: 0 | K6: 0 | L6: 0 | M6: 0 | N6: 0
A7: Treshun Young | B7: 6 | C7: 3 | D7: 0 | E7: =SUM(C7:D7) -> 3 | F7: 0 | G7: 0 | H7: 0 | I7: 0 | J7: 1 | K7: 0 | L7: 0 | M7: 0 | N7: 0
A8: Kennedy Burns | B8: 10 | E8: =SUM(C8:D8) -> 0
A9: Jeremiah Jones | B9: 11 | C9: 1 | D9: 2 | E9: =SUM(C9:D9) -> 3 | F9: 0 | G9: 0 | H9: 6 | I9: 0 | J9: 0 | K9: 0 | L9: 0 | M9: 0 | N9: 0
A10: Tyree Davis | B10: 22 | C10: 2 | D10: 4 | E10: =SUM(C10:D10) -> 6 | F10: 0 | G10: 0 | H10: 0 | I10: 1 | J10: 0 | K10: 0 | L10: 0 | M10: 0 | N10: 0
A11: Holt Holliday | B11: 24 | C11: 1 | D11: 0 | E11: =SUM(C11:D11) -> 1 | F11: 0 | G11: 0 | H11: 0 | I11: 0 | J11: 0 | K11: 0 | L11: 0 | M11: 0 | N11: 0
A12: Kaiden Britton | B12: 29 | C12: 0 | D12: 1 | E12: =SUM(C12:D12) -> 1 | F12: 0 | G12: 0 | H12: 0 | I12: 0 | J12: 0 | K12: 0 | L12: 0 | M12: 0 | N12: 0
A13: Davion Mims | B13: 31 | C13: 1 | D13: 3 | E13: =SUM(C13:D13) -> 4 | F13: 1 | G13: 0 | H13: 1 | I13: 0 | J13: 0 | K13: 0 | L13: 0 | M13: 0 | N13: 0
A14: Ian Clark | B14: 32 | E14: =SUM(C14:D14) -> 0
A15: Zion Johnson | B15: 38 | C15: 0 | D15: 5 | E15: =SUM(C15:D15) -> 5 | F15: 1 | G15: 0 | H15: 0 | I15: 0 | J15: 0 | K15: 0 | L15: 0 | M15: 0 | N15: 0
A16: Marcus Levingston | B16: 84 | E16: =SUM(C16:D16) -> 0
A17: Braylon Ferrell | B17: 44 | C17: 0 | D17: 2 | E17: =SUM(C17:D17) -> 2 | F17: 0 | G17: 0 | H17: 0 | I17: 0 | J17: 0 | K17: 0 | L17: 0 | M17: 0 | N17: 0
A18: Brendan "BJ" Frazier | B18: 45 | C18: 0 | D18: 4 | E18: =SUM(C18:D18) -> 4 | F18: 1 | G18: 0 | H18: 0 | I18: 0 | J18: 0 | K18: 0 | L18: 0 | M18: 0 | N18: 0
A19: Nekeya Harden | B19: 64 | C19: 0 | D19: 1 | E19: =SUM(C19:D19) -> 1 | F19: 0 | G19: 0 | H19: 0 | I19: 0 | J19: 0 | K19: 0 | L19: 0 | M19: 0 | N19: 0
A20: Shamar George | B20: 8 | C20: 0 | D20: 1 | E20: =SUM(C20:D20) -> 1 | F20: 0 | G20: 0 | H20: 0 | I20: 0 | J20: 0 | K20: 0 | L20: 0 | M20: 0 | N20: 0
A21: Jardon Carey | B21: 40 | C21: 0 | D21: 1 | E21: =SUM(C21:D21) -> 1 | F21: 0 | G21: 0 | H21: 0 | I21: 0 | J21: 0 | K21: 0 | L21: 0 | M21: 0 | N21: 0
A22: Isaiah McCuin | B22: 62 | C22: 0 | D22: 0 | E22: =SUM(C22:D22) -> 0 | F22: 0 | G22: 0 | H22: 1 | I22: 0 | J22: 0 | K22: 0 | L22: 0 | M22: 0 | N22: 0
A23: Tyson Crew | B23: 35 | E23: =SUM(C23:D23) -> 0
A24: Jaquarian Martin | B24: 43 | E24: =SUM(C24:D24) -> 0
A25: Malik Harrison | B25: 86 | E25: =SUM(C25:D25) -> 0
A26: Jakellson Thompson | B26: 18 | E26: =SUM(C26:D26) -> 0
A27: Regi Noles | B27: 79 | E27: =SUM(C27:D27) -> 0
A28: Noal Wiggins | B28: 82 | E28: =SUM(C28:D28) -> 0
E29: =SUM(C29:G29) -> 0
E30: =SUM(C30:G30) -> 0
E31: =SUM(C31:G31) -> 0
E32: =SUM(C32:G32) -> 0
E33: =SUM(C33:G33) -> 0
E34: =SUM(C34:G34) -> 0
E35: =SUM(C35:G35) -> 0

Sheet North Webster
A1: WEEK 3 - North Webster
A2: Name | B2: # | C2: Solo | D2: Assisted | E2: Total | F2: TFL | G2: Sacks | H2: Hurry | I2: PBU | J2: INT | K2: FF | L2: FR | M2: BEP | N2: BK
A3: Kameron Harris | B3: 1 | C3: 4 | D3: 4 | E3: =SUM(C3:D3) -> 8 | L3: 1
A4: Jamall Carey | B4: 2 | C4: 1 | E4: =SUM(C4:D4) -> 1 | I4: 1
A5: Abreon Curry | B5: 4 | C5: 0 | D5: 4 | E5: =SUM(C5:D5) -> 4 | F5: 1
A6: Javen Calloway | B6: 5 | C6: 2 | D6: 9 | E6: =SUM(C6:D6) -> 11 | F6: 4 | G6: 1
A7: Treshun Young | B7: 6 | C7: 2 | D7: 2 | E7: =SUM(C7:D7) -> 4 | J7: 1
A8: Kennedy Burns | B8: 10 | E8: =SUM(C8:D8) -> 0
A9: Jeremiah Jones | B9: 11 | C9: 2 | D9: 3 | E9: =SUM(C9:D9) -> 5 | F9: 4 | G9: 2 | H9: 2
A10: Tyree Davis | B10: 22 | D10: 1 | E10: =SUM(C10:D10) -> 1
A11: Holt Holliday | B11: 24 | E11: =SUM(C11:D11) -> 0 | H11: 1
A12: Kaiden Britton | B12: 29 | E12: =SUM(C12:D12) -> 0
A13: Davion Mims | B13: 31 | D13: 4 | E13: =SUM(C13:D13) -> 4 | F13: 1 | G13: 1
A14: Ian Clark | B14: 32 | E14: =SUM(C14:D14) -> 0
A15: Zion Johnson | B15: 38 | C15: 0 | D15: 2 | E15: =SUM(C15:D15) -> 2 | H15: 1
A16: Marcus Levingston | B16: 84 | E16: =SUM(C16:D16) -> 0
A17: Braylon Ferrell | B17: 44 | C17: 3 | E17: =SUM(C17:D17) -> 3
A18: Brendan "BJ" Frazier | B18: 45 | D18: 4 | E18: =SUM(C18:D18) -> 4 | F18: 2 | H18: 1
A19: Nekeya Harden | B19: 64 | C19: 2 | D19: 1 | E19: =SUM(C19:D19) -> 3 | F19: 1 | H19: 1
A20: Shamar George | B20: 8 | E20: =SUM(C20:D20) -> 0
A21: Jardon Carey | B21: 40 | C21: 1 | D21: 1 | E21: =SUM(C21:D21) -> 2 | F21: 1 | H21: 1
A22: Isaiah McCuin | B22: 62 | C22: 1 | D22: 1 | E22: =SUM(C22:D22) -> 2
A23: Tyson Crew | B23: 35 | E23: =SUM(C23:D23) -> 0
A24: Jaquarian Martin | B24: 43 | E24: =SUM(C24:D24) -> 0
A25: Malik Harrison | B25: 86 | E25: =SUM(C25:D25) -> 0
A26: Jakellson Thompson | B26: 18 | E26: =SUM(C26:D26) -> 0
A27: Regi Noles | B27: 79 | E27: =SUM(C27:D27) -> 0
A28: Noal Wiggins | B28: 82 | E28: =SUM(C28:D28) -> 0
E29: =SUM(C29:G29) -> 0
E30: =SUM(C30:G30) -> 0
E31: =SUM(C31:G31) -> 0
E32: =SUM(C32:G32) -> 0
E33: =SUM(C33:G33) -> 0
E34: =SUM(C34:G34) -> 0
E35: =SUM(C35:G35) -> 0

Sheet Woodlawn
A1: WEEK 4 - at Woodlawn
A2: Name | B2: # | C2: Solo | D2: Assisted | E2: Total | F2: TFL | G2: Sacks | H2: Hurry | I2: PBU | J2: INT | K2: FF | L2: FR | M2: BEP | N2: BK
A3: Kameron Harris | B3: 1 | C3: 4 | D3: 3 | E3: =SUM(C3:D3) -> 7 | F3: 1
A4: Jamall Carey | B4: 2 | D4: 1 | E4: =SUM(C4:D4) -> 1
A5: Abreon Curry | B5: 4 | C5: 1 | E5: =SUM(C5:D5) -> 1 | L5: 1
A6: Javen Calloway | B6: 5 | C6: 2 | D6: 3 | E6: =SUM(C6:D6) -> 5 | F6: 1 | H6: 1 | J6: 1
A7: Treshun Young | B7: 6 | C7: 3 | D7: 5 | E7: =SUM(C7:D7) -> 8
A8: Kennedy Burns | B8: 10 | E8: =SUM(C8:D8) -> 0
A9: Jeremiah Jones | B9: 11 | C9: 2 | D9: 4 | E9: =SUM(C9:D9) -> 6 | F9: 2 | G9: 1 | H9: 3
A10: Tyree Davis | B10: 22 | C10: 4 | D10: 3 | E10: =SUM(C10:D10) -> 7 | F10: 3
A11: Holt Holliday | B11: 24 | C11: 2 | D11: 4 | E11: =SUM(C11:D11) -> 6 | F11: 2
A12: Kaiden Britton | B12: 29 | E12: =SUM(C12:D12) -> 0
A13: Davion Mims | B13: 31 | E13: =SUM(C13:D13) -> 0
A14: Ian Clark | B14: 32 | C14: 1 | E14: =SUM(C14:D14) -> 1 | L14: 1
A15: Zion Johnson | B15: 38 | C15: 2 | D15: 2 | E15: =SUM(C15:D15) -> 4 | F15: 1 | H15: 1 | K15: 1
A16: Marcus Levingston | B16: 84 | E16: =SUM(C16:D16) -> 0
A17: Braylon Ferrell | B17: 44 | C17: 2 | D17: 6 | E17: =SUM(C17:D17) -> 8 | F17: 2
A18: Brendan "BJ" Frazier | B18: 45 | D18: 1 | E18: =SUM(C18:D18) -> 1
A19: Nekeya Harden | B19: 64 | C19: 2 | D19: 1 | E19: =SUM(C19:D19) -> 3 | F19: 3
A20: Shamar George | B20: 8 | D20: 1 | E20: =SUM(C20:D20) -> 1
A21: Jardon Carey | B21: 40 | D21: 1 | E21: =SUM(C21:D21) -> 1
A22: Isaiah McCuin | B22: 62 | E22: =SUM(C22:D22) -> 0
A23: Tyson Crew | B23: 35 | D23: 1 | E23: =SUM(C23:D23) -> 1
A24: Jaquarian Martin | B24: 43 | E24: =SUM(C24:D24) -> 0
A25: Malik Harrison | B25: 86 | E25: =SUM(C25:D25) -> 0
A26: Jakellson Thompson | B26: 18 | E26: =SUM(C26:D26) -> 0
A27: Regi Noles | B27: 79 | E27: =SUM(C27:D27) -> 0
A28: Noal Wiggins | B28: 82 | E28: =SUM(C28:D28) -> 0
E29: =SUM(C29:G29) -> 0
E30: =SUM(C30:G30) -> 0
E31: =SUM(C31:G31) -> 0
E32: =SUM(C32:G32) -> 0
E33: =SUM(C33:G33) -> 0
E34: =SUM(C34:G34) -> 0

Sheet Loyola
A1: WEEK 5 - at Loyola
A2: Name | B2: # | C2: Solo | D2: Assisted | E2: Total | F2: TFL | G2: Sacks | H2: Hurry | I2: PBU | J2: INT | K2: FF | L2: FR | M2: BEP | N2: BK
A3: Kameron Harris | B3: 1 | C3: 4 | D3: 1 | E3: =SUM(C3:D3) -> 5
A4: Jamall Carey | B4: 2 | D4: 1 | E4: =SUM(C4:D4) -> 1 | I4: 1 | J4: 1
A5: Abreon Curry | B5: 4 | C5: 4 | D5: 2 | E5: =SUM(C5:D5) -> 6
A6: Javen Calloway | B6: 5 | C6: 4 | D6: 4 | E6: =SUM(C6:D6) -> 8 | F6: 2 | G6: 1 | H6: 3
A7: Treshun Young | B7: 6 | C7: 2 | D7: 4 | E7: =SUM(C7:D7) -> 6
A8: Kennedy Burns | B8: 10 | C8: 2 | D8: 2 | E8: =SUM(C8:D8) -> 4
A9: Jeremiah Jones | B9: 11 | C9: 2 | D9: 1 | E9: =SUM(C9:D9) -> 3 | F9: 2 | G9: 1 | H9: 2
A10: Tyree Davis | B10: 22 | D10: 2 | E10: =SUM(C10:D10) -> 2
A11: Holt Holliday | B11: 24 | D11: 1 | E11: =SUM(C11:D11) -> 1
A12: Kaiden Britton | B12: 29 | E12: =SUM(C12:D12) -> 0
A13: Davion Mims | B13: 31 | D13: 2 | E13: =SUM(C13:D13) -> 2
A14: Ian Clark | B14: 32 | C14: 1 | E14: =SUM(C14:D14) -> 1
A15: Zion Johnson | B15: 38 | C15: 3 | D15: 1 | E15: =SUM(C15:D15) -> 4
A16: Marcus Levingston | B16: 84 | E16: =SUM(C16:D16) -> 0
A17: Braylon Ferrell | B17: 44 | C17: 1 | D17: 3 | E17: =SUM(C17:D17) -> 4 | F17: 1 | G17: 1
A18: Brendan "BJ" Frazier | B18: 45 | C18: 1 | D18: 1 | E18: =SUM(C18:D18) -> 2
A19: Nekeya Harden | B19: 64 | E19: =SUM(C19:D19) -> 0
A20: Shamar George | B20: 8 | E20: =SUM(C20:D20) -> 0
A21: Jardon Carey | B21: 40 | E21: =SUM(C21:D21) -> 0
A22: Isaiah McCuin | B22: 62 | D22: 1 | E22: =SUM(C22:D22) -> 1
A23: Tyson Crew | B23: 35 | E23: =SUM(C23:D23) -> 0
A24: Jaquarian Martin | B24: 43 | E24: =SUM(C24:D24) -> 0
A25: Malik Harrison | B25: 86 | E25: =SUM(C25:D25) -> 0
A26: Jakellson Thompson | B26: 18 | E26: =SUM(C26:D26) -> 0
A27: Regi Noles | B27: 79 | E27: =SUM(C27:D27) -> 0
A28: Noal Wiggins | B28: 82 | E28: =SUM(C28:D28) -> 0
E29: =SUM(C29:G29) -> 0
E30: =SUM(C30:G30) -> 0
E31: =SUM(C31:G31) -> 0
E32: =SUM(C32:G32) -> 0
E33: =SUM(C33:G33) -> 0
E34: =SUM(C34:G34) -> 0

Sheet North DeSoto
A1: WEEK 6 - North DeSoto
A2: Name | B2: # | C2: Solo | D2: Assisted | E2: Total | F2: TFL | G2: Sacks | H2: Hurry | I2: PBU | J2: INT | K2: FF | L2: FR | M2: BEP | N2: BK
A3: Kameron Harris | B3: 1 | C3: 3 | D3: 1 | E3: =SUM(C3:D3) -> 4 | I3: 2
A4: Jamall Carey | B4: 2 | C4: 2 | D4: 1 | E4: =SUM(C4:D4) -> 3 | L4: 1
A5: Abreon Curry | B5: 4 | C5: 2 | E5: =SUM(C5:D5) -> 2 | I5: 1 | K5: 1
A6: Javen Calloway | B6: 5 | D6: 2 | E6: =SUM(C6:D6) -> 2
A7: Treshun Young | B7: 6 | C7: 1 | E7: =SUM(C7:D7) -> 1 | I7: 1
A8: Kennedy Burns | B8: 10 | E8: =SUM(C8:D8) -> 0
A9: Jeremiah Jones | B9: 11 | C9: 4 | D9: 2 | E9: =SUM(C9:D9) -> 6 | F9: 1 | K9: 1
A10: Tyree Davis | B10: 22 | E10: =SUM(C10:D10) -> 0
A11: Holt Holliday | B11: 24 | C11: 2 | D11: 2 | E11: =SUM(C11:D11) -> 4
A12: Kaiden Britton | B12: 29 | E12: =SUM(C12:D12) -> 0
A13: Davion Mims | B13: 31 | E13: =SUM(C13:D13) -> 0
A14: Ian Clark | B14: 32 | E14: =SUM(C14:D14) -> 0
A15: Zion Johnson | B15: 38 | C15: 1 | D15: 1 | E15: =SUM(C15:D15) -> 2 | F15: 1
A16: Marcus Levingston | B16: 84 | E16: =SUM(C16:D16) -> 0
A17: Braylon Ferrell | B17: 44 | C17: 2 | D17: 4 | E17: =SUM(C17:D17) -> 6 | F17: 1 | H17: 2
A18: Brendan "BJ" Frazier | B18: 45 | D18: 1 | E18: =SUM(C18:D18) -> 1 | H18: 1
A19: Nekeya Harden | B19: 64 | C19: 2 | E19: =SUM(C19:D19) -> 2
A20: Shamar George | B20: 8 | E20: =SUM(C20:D20) -> 0
A21: Jardon Carey | B21: 40 | E21: =SUM(C21:D21) -> 0 | H21: 1
A22: Isaiah McCuin | B22: 62 | C22: 1 | E22: =SUM(C22:D22) -> 1
A23: Tyson Crew | B23: 35 | C23: 1 | E23: =SUM(C23:D23) -> 1
A24: Jaquarian Martin | B24: 43 | E24: =SUM(C24:D24) -> 0
A25: Malik Harrison | B25: 86 | E25: =SUM(C25:D25) -> 0
A26: Jakellson Thompson | B26: 18 | E26: =SUM(C26:D26) -> 0
A27: Regi Noles | B27: 79 | E27: =SUM(C27:D27) -> 0
A28: Noal Wiggins | B28: 82 | E28: =SUM(C28:D28) -> 0
E29: =SUM(C29:G29) -> 0
E30: =SUM(C30:G30) -> 0
E31: =SUM(C31:G31) -> 0
E32: =SUM(C32:G32) -> 0
E33: =SUM(C33:G33) -> 0
E34: =SUM(C34:G34) -> 0
E35: =SUM(C35:G35) -> 0

Sheet BTW
A1: WEEK 7 - BTW
A2: Name | B2: # | C2: Solo | D2: Assisted | E2: Total | F2: TFL | G2: Sacks | H2: Hurry | I2: PBU | J2: INT | K2: FF | L2: FR | M2: BEP | N2: BK
A3: Kameron Harris | B3: 1 | C3: 2 | D3: 1 | E3: =SUM(C3:D3) -> 3 | I3: 1
A4: Jamall Carey | B4: 2 | C4: 1 | D4: 2 | E4: =SUM(C4:D4) -> 3
A5: Abreon Curry | B5: 4 | E5: =SUM(C5:D5) -> 0
A6: Javen Calloway | B6: 5 | C6: 5 | D6: 8 | E6: =SUM(C6:D6) -> 13 | F6: 6 | G6: 2 | H6: 4
A7: Treshun Young | B7: 6 | C7: 2 | D7: 2 | E7: =SUM(C7:D7) -> 4
A8: Kennedy Burns | B8: 10 | E8: =SUM(C8:D8) -> 0
A9: Jeremiah Jones | B9: 11 | C9: 2 | D9: 3 | E9: =SUM(C9:D9) -> 5 | F9: 2 | G9: 1 | H9: 1
A10: Tyree Davis | B10: 22 | D10: 1 | E10: =SUM(C10:D10) -> 1
A11: Holt Holliday | B11: 24 | D11: 3 | E11: =SUM(C11:D11) -> 3 | I11: 1
A12: Kaiden Britton | B12: 29 | E12: =SUM(C12:D12) -> 0
A13: Davion Mims | B13: 31 | C13: 2 | D13: 2 | E13: =SUM(C13:D13) -> 4 | F13: 1 | G13: 1
A14: Ian Clark | B14: 32 | E14: =SUM(C14:D14) -> 0
A15: Zion Johnson | B15: 38 | C15: 1 | E15: =SUM(C15:D15) -> 1 | F15: 1
A16: Marcus Levingston | B16: 84 | E16: =SUM(C16:D16) -> 0
A17: Braylon Ferrell | B17: 44 | C17: 2 | D17: 6 | E17: =SUM(C17:D17) -> 8 | F17: 2 | G17: 1 | H17: 1
A18: Brendan "BJ" Frazier | B18: 45 | C18: 1 | D18: 1 | E18: =SUM(C18:D18) -> 2
A19: Nekeya Harden | B19: 64 | D19: 2 | E19: =SUM(C19:D19) -> 2
A20: Shamar George | B20: 8 | D20: 1 | E20: =SUM(C20:D20) -> 1
A21: Jardon Carey | B21: 40 | E21: =SUM(C21:D21) -> 0
A22: Isaiah McCuin | B22: 62 | D22: 1 | E22: =SUM(C22:D22) -> 1
A23: Tyson Crew | B23: 35 | D23: 1 | E23: =SUM(C23:D23) -> 1
A24: Jaquarian Martin | B24: 43 | C24: 2 | D24: 2 | E24: =SUM(C24:D24) -> 4 | F24: 2 | G24: 2 | I24: 1
A25: Malik Harrison | B25: 86 | C25: 1 | E25: =SUM(C25:D25) -> 1
A26: Jakellson Thompson | B26: 18 | D26: 1 | E26: =SUM(C26:D26) -> 1
A27: Regi Noles | B27: 79 | D27: 1 | E27: =SUM(C27:D27) -> 1
A28: Noal Wiggins | B28: 82 | E28: =SUM(C28:D28) -> 0
E29: =SUM(C29:G29) -> 0
E30: =SUM(C30:G30) -> 0
E31: =SUM(C31:G31) -> 0
E32: =SUM(C32:G32) -> 0
E33: =SUM(C33:G33) -> 0
E34: =SUM(C34:G34) -> 0
E35: =SUM(C35:G35) -> 0

Sheet Bossier
A1: WEEK 8 - Bossier
A2: Name | B2: # | C2: Solo | D2: Assisted | E2: Total | F2: TFL | G2: Sacks | H2: Hurry | I2: PBU | J2: INT | K2: FF | L2: FR | M2: BEP | N2: BK
A3: Kameron Harris | B3: 1 | C3: 1 | D3: 2 | E3: =SUM(C3:D3) -> 3 | I3: 1 | J3: 1
A4: Jamall Carey | B4: 2 | D4: 2 | E4: =SUM(C4:D4) -> 2
A5: Abreon Curry | B5: 4 | E5: =SUM(C5:D5) -> 0
A6: Javen Calloway | B6: 5 | C6: 2 | D6: 7 | E6: =SUM(C6:D6) -> 9 | F6: 1 | G6: 1
A7: Treshun Young | B7: 6 | C7: 2 | D7: 2 | E7: =SUM(C7:D7) -> 4
A8: Kennedy Burns | B8: 10 | C8: 2 | D8: 2 | E8: =SUM(C8:D8) -> 4 | F8: 1 | G8: 1
A9: Jeremiah Jones | B9: 11 | D9: 4 | E9: =SUM(C9:D9) -> 4 | F9: 1 | G9: 1 | H9: 3
A10: Tyree Davis | B10: 22 | D10: 2 | E10: =SUM(C10:D10) -> 2
A11: Holt Holliday | B11: 24 | C11: 3 | D11: 5 | E11: =SUM(C11:D11) -> 8 | F11: 2 | G11: 1
A12: Kaiden Britton | B12: 29 | D12: 1 | E12: =SUM(C12:D12) -> 1
A13: Davion Mims | B13: 31 | D13: 3 | E13: =SUM(C13:D13) -> 3
A14: Ian Clark | B14: 32 | E14: =SUM(C14:D14) -> 0
A15: Zion Johnson | B15: 38 | D15: 1 | E15: =SUM(C15:D15) -> 1
A16: Marcus Levingston | B16: 84 | E16: =SUM(C16:D16) -> 0
A17: Braylon Ferrell | B17: 44 | C17: 4 | D17: 5 | E17: =SUM(C17:D17) -> 9 | F17: 2 | G17: 2
A18: Brendan "BJ" Frazier | B18: 45 | C18: 2 | D18: 4 | E18: =SUM(C18:D18) -> 6 | F18: 1 | G18: 1
A19: Nekeya Harden | B19: 64 | D19: 3 | E19: =SUM(C19:D19) -> 3 | F19: 1
A20: Shamar George | B20: 8 | C20: 1 | D20: 1 | E20: =SUM(C20:D20) -> 2
A21: Jardon Carey | B21: 40 | E21: =SUM(C21:D21) -> 0
A22: Isaiah McCuin | B22: 62 | D22: 2 | E22: =SUM(C22:D22) -> 2 | F22: 1 | G22: 1
A23: Tyson Crew | B23: 35 | C23: 1 | D23: 2 | E23: =SUM(C23:D23) -> 3
A24: Jaquarian Martin | B24: 43 | E24: =SUM(C24:D24) -> 0
A25: Malik Harrison | B25: 86 | D25: 1 | E25: =SUM(C25:D25) -> 1
A26: Jakellson Thompson | B26: 18 | E26: =SUM(C26:D26) -> 0
A27: Regi Noles | B27: 79 | D27: 2 | E27: =SUM(C27:D27) -> 2
A28: Noal Wiggins | B28: 82 | C28: 1 | D28: 1 | E28: =SUM(C28:D28) -> 2 | K28: 1
E29: =SUM(C29:G29) -> 0
E30: =SUM(C30:G30) -> 0
E31: =SUM(C31:G31) -> 0
E32: =SUM(C32:G32) -> 0
E33: =SUM(C33:G33) -> 0
E34: =SUM(C34:G34) -> 0
E35: =SUM(C35:G35) -> 0

Sheet Northwood
A1: WEEK 9 - at Northwood
A2: Name | B2: # | C2: Solo | D2: Assisted | E2: Total | F2: TFL | G2: Sacks | H2: Hurry | I2: PBU | J2: INT | K2: FF | L2: FR | M2: BEP | N2: BK
A3: Kameron Harris | B3: 1 | C3: 2 | D3: 3 | E3: =SUM(C3:D3) -> 5 | I3: 1
A4: Jamall Carey | B4: 2 | D4: 2 | E4: =SUM(C4:D4) -> 2
A5: Abreon Curry | B5: 4 | D5: 1 | E5: =SUM(C5:D5) -> 1 | I5: 2
A6: Javen Calloway | B6: 5 | C6: 1 | D6: 6 | E6: =SUM(C6:D6) -> 7 | H6: 2
A7: Treshun Young | B7: 6 | D7: 2 | E7: =SUM(C7:D7) -> 2 | J7: 1
A8: Kennedy Burns | B8: 10 | C8: 2 | D8: 1 | E8: =SUM(C8:D8) -> 3
A9: Jeremiah Jones | B9: 11 | C9: 1 | D9: 4 | E9: =SUM(C9:D9) -> 5 | F9: 1
A10: Tyree Davis | B10: 22 | E10: =SUM(C10:D10) -> 0
A11: Holt Holliday | B11: 24 | C11: 2 | D11: 1 | E11: =SUM(C11:D11) -> 3
A12: Kaiden Britton | B12: 29 | E12: =SUM(C12:D12) -> 0
A13: Davion Mims | B13: 31 | E13: =SUM(C13:D13) -> 0
A14: Ian Clark | B14: 32 | E14: =SUM(C14:D14) -> 0
A15: Zion Johnson | B15: 38 | C15: 1 | D15: 1 | E15: =SUM(C15:D15) -> 2
A16: Marcus Levingston | B16: 84 | E16: =SUM(C16:D16) -> 0
A17: Braylon Ferrell | B17: 44 | C17: 1 | D17: 4 | E17: =SUM(C17:D17) -> 5
A18: Brendan "BJ" Frazier | B18: 45 | E18: =SUM(C18:D18) -> 0
A19: Nekeya Harden | B19: 64 | C19: 1 | D19: 2 | E19: =SUM(C19:D19) -> 3
A20: Shamar George | B20: 8 | E20: =SUM(C20:D20) -> 0
A21: Jardon Carey | B21: 40 | E21: =SUM(C21:D21) -> 0
A22: Isaiah McCuin | B22: 62 | C22: 1 | D22: 1 | E22: =SUM(C22:D22) -> 2
A23: Tyson Crew | B23: 35 | E23: =SUM(C23:D23) -> 0
A24: Jaquarian Martin | B24: 43 | E24: =SUM(C24:D24) -> 0
A25: Malik Harrison | B25: 86 | E25: =SUM(C25:D25) -> 0
A26: Jakellson Thompson | B26: 18 | E26: =SUM(C26:D26) -> 0
A27: Regi Noles | B27: 79 | E27: =SUM(C27:D27) -> 0
A28: Noal Wiggins | B28: 82 | D28: 2 | E28: =SUM(C28:D28) -> 2 | H28: 1
E29: =SUM(C29:G29) -> 0
E30: =SUM(C30:G30) -> 0
E31: =SUM(C31:G31) -> 0
E32: =SUM(C32:G32) -> 0
E33: =SUM(C33:G33) -> 0
E34: =SUM(C34:G34) -> 0
E35: =SUM(C35:G35) -> 0

Sheet Southwood
A1: WEEK 10 - Southwood
A2: Name | B2: # | C2: Solo | D2: Assisted | E2: Total | F2: TFL | G2: Sacks | H2: Hurry | I2: PBU | J2: INT | K2: FF | L2: FR | M2: BEP | N2: BK
A3: Kameron Harris | B3: 1 | D3: 2 | E3: =SUM(C3:D3) -> 2 | I3: 1
A4: Jamall Carey | B4: 2 | C4: 1 | D4: 1 | E4: =SUM(C4:D4) -> 2
A5: Abreon Curry | B5: 4 | D5: 1 | E5: =SUM(C5:D5) -> 1 | I5: 1
A6: Javen Calloway | B6: 5 | C6: 4 | D6: 3 | E6: =SUM(C6:D6) -> 7 | F6: 1 | G6: 1
A7: Treshun Young | B7: 6 | C7: 2 | E7: =SUM(C7:D7) -> 2 | I7: 1
A8: Kennedy Burns | B8: 10 | C8: 1 | D8: 1 | E8: =SUM(C8:D8) -> 2
A9: Jeremiah Jones | B9: 11 | C9: 1 | D9: 4 | E9: =SUM(C9:D9) -> 5 | F9: 3 | G9: 2
A10: Tyree Davis | B10: 22 | C10: 1 | D10: 1 | E10: =SUM(C10:D10) -> 2
A11: Holt Holliday | B11: 24 | C11: 1 | D11: 1 | E11: =SUM(C11:D11) -> 2 | F11: 1
A12: Kaiden Britton | B12: 29 | D12: 2 | E12: =SUM(C12:D12) -> 2
A13: Davion Mims | B13: 31 | C13: 1 | D13: 1 | E13: =SUM(C13:D13) -> 2
A14: Ian Clark | B14: 32 | D14: 1 | E14: =SUM(C14:D14) -> 1
A15: Zion Johnson | B15: 38 | D15: 1 | E15: =SUM(C15:D15) -> 1 | F15: 1 | G15: 1 | H15: 2
A16: Marcus Levingston | B16: 84 | E16: =SUM(C16:D16) -> 0
A17: Braylon Ferrell | B17: 44 | C17: 3 | D17: 3 | E17: =SUM(C17:D17) -> 6 | F17: 2 | G17: 1 | H17: 1 | I17: 1
A18: Brendan "BJ" Frazier | B18: 45 | C18: 4 | D18: 1 | E18: =SUM(C18:D18) -> 5 | F18: 2 | G18: 2
A19: Nekeya Harden | B19: 64 | E19: =SUM(C19:D19) -> 0
A20: Shamar George | B20: 8 | D20: 2 | E20: =SUM(C20:D20) -> 2
A21: Jardon Carey | B21: 40 | E21: =SUM(C21:D21) -> 0
A22: Isaiah McCuin | B22: 62 | E22: =SUM(C22:D22) -> 0
A23: Tyson Crew | B23: 35 | E23: =SUM(C23:D23) -> 0
A24: Jaquarian Martin | B24: 43 | C24: 1 | D24: 1 | E24: =SUM(C24:D24) -> 2 | H24: 1
A25: Malik Harrison | B25: 86 | E25: =SUM(C25:D25) -> 0
A26: Jakellson Thompson | B26: 18 | E26: =SUM(C26:D26) -> 0
A27: Regi Noles | B27: 79 | E27: =SUM(C27:D27) -> 0
A28: Noal Wiggins | B28: 82 | E28: =SUM(C28:D28) -> 0
E29: =SUM(C29:G29) -> 0
E30: =SUM(C30:G30) -> 0
E31: =SUM(C31:G31) -> 0
E32: =SUM(C32:G32) -> 0
E33: =SUM(C33:G33) -> 0
E34: =SUM(C34:G34) -> 0
E35: =SUM(C35:G35) -> 0

Sheet Playoff 1
A1: WEEK 11 - vs Wossman
A2: Name | B2: # | C2: Solo | D2: Assisted | E2: Total | F2: TFL | G2: Sacks | H2: Hurry | I2: PBU | J2: INT | K2: FF | L2: FR | M2: BEP | N2: BK
A3: Kameron Harris | B3: 1 | C3: 5 | D3: 4 | E3: =SUM(C3:D3) -> 9
A4: Jamall Carey | B4: 2 | D4: 1 | E4: =SUM(C4:D4) -> 1 | L4: 1
A5: Abreon Curry | B5: 4 | C5: 1 | D5: 3 | E5: =SUM(C5:D5) -> 4
A6: Javen Calloway | B6: 5 | C6: 2 | D6: 4 | E6: =SUM(C6:D6) -> 6 | K6: 1
A7: Treshun Young | B7: 6 | C7: 1 | E7: =SUM(C7:D7) -> 1 | I7: 2
A8: Kennedy Burns | B8: 10 | C8: 2 | D8: 4 | E8: =SUM(C8:D8) -> 6 | F8: 1 | J8: 1
A9: Jeremiah Jones | B9: 11 | C9: 1 | D9: 4 | E9: =SUM(C9:D9) -> 5 | F9: 1 | G9: 1 | H9: 2
A10: Tyree Davis | B10: 22 | E10: =SUM(C10:D10) -> 0
A11: Holt Holliday | B11: 24 | C11: 1 | E11: =SUM(C11:D11) -> 1
A12: Kaiden Britton | B12: 29 | E12: =SUM(C12:D12) -> 0
A13: Davion Mims | B13: 31 | D13: 5 | E13: =SUM(C13:D13) -> 5 | F13: 3 | G13: 1
A14: Ian Clark | B14: 32 | E14: =SUM(C14:D14) -> 0
A15: Zion Johnson | B15: 38 | D15: 4 | E15: =SUM(C15:D15) -> 4
A16: Marcus Levingston | B16: 84 | E16: =SUM(C16:D16) -> 0
A17: Braylon Ferrell | B17: 44 | C17: 1 | D17: 7 | E17: =SUM(C17:D17) -> 8 | F17: 2 | H17: 1
A18: Brendan "BJ" Frazier | B18: 45 | D18: 6 | E18: =SUM(C18:D18) -> 6
A19: Nekeya Harden | B19: 64 | C19: 1 | D19: 6 | E19: =SUM(C19:D19) -> 7 | F19: 1 | G19: 1 | H19: 1
A20: Shamar George | B20: 8 | E20: =SUM(C20:D20) -> 0
A21: Jardon Carey | B21: 40 | E21: =SUM(C21:D21) -> 0
A22: Isaiah McCuin | B22: 62 | E22: =SUM(C22:D22) -> 0
A23: Tyson Crew | B23: 35 | E23: =SUM(C23:D23) -> 0
A24: Jaquarian Martin | B24: 43 | E24: =SUM(C24:D24) -> 0
A25: Malik Harrison | B25: 86 | E25: =SUM(C25:D25) -> 0
A26: Jakellson Thompson | B26: 18 | E26: =SUM(C26:D26) -> 0
A27: Regi Noles | B27: 79 | E27: =SUM(C27:D27) -> 0
A28: Noal Wiggins | B28: 82 | E28: =SUM(C28:D28) -> 0
E29: =SUM(C29:G29) -> 0
E30: =SUM(C30:G30) -> 0
E31: =SUM(C31:G31) -> 0
E32: =SUM(C32:G32) -> 0
E33: =SUM(C33:G33) -> 0
E34: =SUM(C34:G34) -> 0
E35: =SUM(C35:G35) -> 0

Sheet TOTALS
A1: 2025 - TOTALS
A2: Name | B2: # | C2: Solo | D2: Assisted | E2: Total | F2: TFL | G2: Sacks | H2: Hurry | I2: PBU | J2: INT | K2: FF | L2: FR | M2: BEP | N2: BK
A3: Kameron Harris | B3: 1 | C3: =Mansfield!C3+Homer!C3+'North Webster'!C3+Woodlawn!C3+Loyola!C3+'North DeSoto'!C3+BTW!C3+Bossier!C3+Northwood!C3+Southwood!C3+'Playoff 1'!C3 -> 31 | D3: =Mansfield!D3+Homer!D3+'North Webster'!D3+Woodlawn!D3+Loyola!D3+'North DeSoto'!D3+BTW!D3+Bossier!D3+Northwood!D3+Southwood!D3+'Playoff 1'!D3 -> 24 | E3: =SUM(C3:D3) -> 55 | F3: =Mansfield!F3+Homer!F3+'North Webster'!F3+Woodlawn!F3+Loyola!F3+'North DeSoto'!F3+BTW!F3+Bossier!F3+Northwood!F3+Southwood!F3+'Playoff 1'!F3 -> 1 | G3: =Mansfield!G3+Homer!G3+'North Webster'!G3+Woodlawn!G3+Loyola!G3+'North DeSoto'!G3+BTW!G3+Bossier!G3+Northwood!G3+Southwood!G3+'Playoff 1'!G3 -> 0 | H3: =Mansfield!H3+Homer!H3+'North Webster'!H3+Woodlawn!H3+Loyola!H3+'North DeSoto'!H3+BTW!H3+Bossier!H3+Northwood!H3+Southwood!H3+'Playoff 1'!H3 -> 0 | I3: =Mansfield!I3+Homer!I3+'North Webster'!I3+Woodlawn!I3+Loyola!I3+'North DeSoto'!I3+BTW!I3+Bossier!I3+Northwood!I3+Southwood!I3+'Playoff 1'!I3 -> 6 | J3: =Mansfield!J3+Homer!J3+'North Webster'!J3+Woodlawn!J3+Loyola!J3+'North DeSoto'!J3+BTW!J3+Bossier!J3+Northwood!J3+Southwood!J3+'Playoff 1'!J3 -> 2 | K3: =Mansfield!K3+Homer!K3+'North Webster'!K3+Woodlawn!K3+Loyola!K3+'North DeSoto'!K3+BTW!K3+Bossier!K3+Northwood!K3+Southwood!K3+'Playoff 1'!K3 -> 0 | L3: =Mansfield!L3+Homer!L3+'North Webster'!L3+Woodlawn!L3+Loyola!L3+'North DeSoto'!L3+BTW!L3+Bossier!L3+Northwood!L3+Southwood!L3+'Playoff 1'!L3 -> 2 | M3: =Mansfield!M3+Homer!M3+'North Webster'!M3+Woodlawn!M3+Loyola!M3+'North DeSoto'!M3+BTW!M3+Bossier!M3+Northwood!M3+Southwood!M3+'Playoff 1'!M3 -> 0 | N3: =Mansfield!N3+Homer!N3+'North Webster'!N3+Woodlawn!N3+Loyola!N3+'North DeSoto'!N3+BTW!N3+Bossier!N3+Northwood!N3+Southwood!N3+'Playoff 1'!N3 -> 0
A4: Jamall Carey | B4: 2 | C4: =Mansfield!C4+Homer!C4+'North Webster'!C4+Woodlawn!C4+Loyola!C4+'North DeSoto'!C4+BTW!C4+Bossier!C4+Northwood!C4+Southwood!C4+'Playoff 1'!C4 -> 6 | D4: =Mansfield!D4+Homer!D4+'North Webster'!D4+Woodlawn!D4+Loyola!D4+'North DeSoto'!D4+BTW!D4+Bossier!D4+Northwood!D4+Southwood!D4+'Playoff 1'!D4 -> 12 | E4: =SUM(C4:D4) -> 18 | F4: =Mansfield!F4+Homer!F4+'North Webster'!F4+Woodlawn!F4+Loyola!F4+'North DeSoto'!F4+BTW!F4+Bossier!F4+Northwood!F4+Southwood!F4+'Playoff 1'!F4 -> 0 | G4: =Mansfield!G4+Homer!G4+'North Webster'!G4+Woodlawn!G4+Loyola!G4+'North DeSoto'!G4+BTW!G4+Bossier!G4+Northwood!G4+Southwood!G4+'Playoff 1'!G4 -> 0 | H4: =Mansfield!H4+Homer!H4+'North Webster'!H4+Woodlawn!H4+Loyola!H4+'North DeSoto'!H4+BTW!H4+Bossier!H4+Northwood!H4+Southwood!H4+'Playoff 1'!H4 -> 0 | I4: =Mansfield!I4+Homer!I4+'North Webster'!I4+Woodlawn!I4+Loyola!I4+'North DeSoto'!I4+BTW!I4+Bossier!I4+Northwood!I4+Southwood!I4+'Playoff 1'!I4 -> 3 | J4: =Mansfield!J4+Homer!J4+'North Webster'!J4+Woodlawn!J4+Loyola!J4+'North DeSoto'!J4+BTW!J4+Bossier!J4+Northwood!J4+Southwood!J4+'Playoff 1'!J4 -> 1 | K4: =Mansfield!K4+Homer!K4+'North Webster'!K4+Woodlawn!K4+Loyola!K4+'North DeSoto'!K4+BTW!K4+Bossier!K4+Northwood!K4+Southwood!K4+'Playoff 1'!K4 -> 0 | L4: =Mansfield!L4+Homer!L4+'North Webster'!L4+Woodlawn!L4+Loyola!L4+'North DeSoto'!L4+BTW!L4+Bossier!L4+Northwood!L4+Southwood!L4+'Playoff 1'!L4 -> 2 | M4: =Mansfield!M4+Homer!M4+'North Webster'!M4+Woodlawn!M4+Loyola!M4+'North DeSoto'!M4+BTW!M4+Bossier!M4+Northwood!M4+Southwood!M4+'Playoff 1'!M4 -> 0 | N4: =Mansfield!N4+Homer!N4+'North Webster'!N4+Woodlawn!N4+Loyola!N4+'North DeSoto'!N4+BTW!N4+Bossier!N4+Northwood!N4+Southwood!N4+'Playoff 1'!N4 -> 0
A5: Abreon Curry | B5: 4 | C5: =Mansfield!C5+Homer!C5+'North Webster'!C5+Woodlawn!C5+Loyola!C5+'North DeSoto'!C5+BTW!C5+Bossier!C5+Northwood!C5+Southwood!C5+'Playoff 1'!C5 -> 11 | D5: =Mansfield!D5+Homer!D5+'North Webster'!D5+Woodlawn!D5+Loyola!D5+'North DeSoto'!D5+BTW!D5+Bossier!D5+Northwood!D5+Southwood!D5+'Playoff 1'!D5 -> 13 | E5: =SUM(C5:D5) -> 24 | F5: =Mansfield!F5+Homer!F5+'North Webster'!F5+Woodlawn!F5+Loyola!F5+'North DeSoto'!F5+BTW!F5+Bossier!F5+Northwood!F5+Southwood!F5+'Playoff 1'!F5 -> 1 | G5: =Mansfield!G5+Homer!G5+'North Webster'!G5+Woodlawn!G5+Loyola!G5+'North DeSoto'!G5+BTW!G5+Bossier!G5+Northwood!G5+Southwood!G5+'Playoff 1'!G5 -> 0 | H5: =Mansfield!H5+Homer!H5+'North Webster'!H5+Woodlawn!H5+Loyola!H5+'North DeSoto'!H5+BTW!H5+Bossier!H5+Northwood!H5+Southwood!H5+'Playoff 1'!H5 -> 0 | I5: =Mansfield!I5+Homer!I5+'North Webster'!I5+Woodlawn!I5+Loyola!I5+'North DeSoto'!I5+BTW!I5+Bossier!I5+Northwood!I5+Southwood!I5+'Playoff 1'!I5 -> 4 | J5: =Mansfield!J5+Homer!J5+'North Webster'!J5+Woodlawn!J5+Loyola!J5+'North DeSoto'!J5+BTW!J5+Bossier!J5+Northwood!J5+Southwood!J5+'Playoff 1'!J5 -> 0 | K5: =Mansfield!K5+Homer!K5+'North Webster'!K5+Woodlawn!K5+Loyola!K5+'North DeSoto'!K5+BTW!K5+Bossier!K5+Northwood!K5+Southwood!K5+'Playoff 1'!K5 -> 2 | L5: =Mansfield!L5+Homer!L5+'North Webster'!L5+Woodlawn!L5+Loyola!L5+'North DeSoto'!L5+BTW!L5+Bossier!L5+Northwood!L5+Southwood!L5+'Playoff 1'!L5 -> 1 | M5: =Mansfield!M5+Homer!M5+'North Webster'!M5+Woodlawn!M5+Loyola!M5+'North DeSoto'!M5+BTW!M5+Bossier!M5+Northwood!M5+Southwood!M5+'Playoff 1'!M5 -> 0 | N5: =Mansfield!N5+Homer!N5+'North Webster'!N5+Woodlawn!N5+Loyola!N5+'North DeSoto'!N5+BTW!N5+Bossier!N5+Northwood!N5+Southwood!N5+'Playoff 1'!N5 -> 0
A6: Javen Calloway | B6: 5 | C6: =Mansfield!C6+Homer!C6+'North Webster'!C6+Woodlawn!C6+Loyola!C6+'North DeSoto'!C6+BTW!C6+Bossier!C6+Northwood!C6+Southwood!C6+'Playoff 1'!C6 -> 25 | D6: =Mansfield!D6+Homer!D6+'North Webster'!D6+Woodlawn!D6+Loyola!D6+'North DeSoto'!D6+BTW!D6+Bossier!D6+Northwood!D6+Southwood!D6+'Playoff 1'!D6 -> 54 | E6: =SUM(C6:D6) -> 79 | F6: =Mansfield!F6+Homer!F6+'North Webster'!F6+Woodlawn!F6+Loyola!F6+'North DeSoto'!F6+BTW!F6+Bossier!F6+Northwood!F6+Southwood!F6+'Playoff 1'!F6 -> 16 | G6: =Mansfield!G6+Homer!G6+'North Webster'!G6+Woodlawn!G6+Loyola!G6+'North DeSoto'!G6+BTW!G6+Bossier!G6+Northwood!G6+Southwood!G6+'Playoff 1'!G6 -> 7 | H6: =Mansfield!H6+Homer!H6+'North Webster'!H6+Woodlawn!H6+Loyola!H6+'North DeSoto'!H6+BTW!H6+Bossier!H6+Northwood!H6+Southwood!H6+'Playoff 1'!H6 -> 11 | I6: =Mansfield!I6+Homer!I6+'North Webster'!I6+Woodlawn!I6+Loyola!I6+'North DeSoto'!I6+BTW!I6+Bossier!I6+Northwood!I6+Southwood!I6+'Playoff 1'!I6 -> 0 | J6: =Mansfield!J6+Homer!J6+'North Webster'!J6+Woodlawn!J6+Loyola!J6+'North DeSoto'!J6+BTW!J6+Bossier!J6+Northwood!J6+Southwood!J6+'Playoff 1'!J6 -> 1 | K6: =Mansfield!K6+Homer!K6+'North Webster'!K6+Woodlawn!K6+Loyola!K6+'North DeSoto'!K6+BTW!K6+Bossier!K6+Northwood!K6+Southwood!K6+'Playoff 1'!K6 -> 1 | L6: =Mansfield!L6+Homer!L6+'North Webster'!L6+Woodlawn!L6+Loyola!L6+'North DeSoto'!L6+BTW!L6+Bossier!L6+Northwood!L6+Southwood!L6+'Playoff 1'!L6 -> 1 | M6: =Mansfield!M6+Homer!M6+'North Webster'!M6+Woodlawn!M6+Loyola!M6+'North DeSoto'!M6+BTW!M6+Bossier!M6+Northwood!M6+Southwood!M6+'Playoff 1'!M6 -> 0 | N6: =Mansfield!N6+Homer!N6+'North Webster'!N6+Woodlawn!N6+Loyola!N6+'North DeSoto'!N6+BTW!N6+Bossier!N6+Northwood!N6+Southwood!N6+'Playoff 1'!N6 -> 0
A7: Treshun Young | B7: 6 | C7: =Mansfield!C7+Homer!C7+'North Webster'!C7+Woodlawn!C7+Loyola!C7+'North DeSoto'!C7+BTW!C7+Bossier!C7+Northwood!C7+Southwood!C7+'Playoff 1'!C7 -> 21 | D7: =Mansfield!D7+Homer!D7+'North Webster'!D7+Woodlawn!D7+Loyola!D7+'North DeSoto'!D7+BTW!D7+Bossier!D7+Northwood!D7+Southwood!D7+'Playoff 1'!D7 -> 21 | E7: =SUM(C7:D7) -> 42 | F7: =Mansfield!F7+Homer!F7+'North Webster'!F7+Woodlawn!F7+Loyola!F7+'North DeSoto'!F7+BTW!F7+Bossier!F7+Northwood!F7+Southwood!F7+'Playoff 1'!F7 -> 0 | G7: =Mansfield!G7+Homer!G7+'North Webster'!G7+Woodlawn!G7+Loyola!G7+'North DeSoto'!G7+BTW!G7+Bossier!G7+Northwood!G7+Southwood!G7+'Playoff 1'!G7 -> 0 | H7: =Mansfield!H7+Homer!H7+'North Webster'!H7+Woodlawn!H7+Loyola!H7+'North DeSoto'!H7+BTW!H7+Bossier!H7+Northwood!H7+Southwood!H7+'Playoff 1'!H7 -> 0 | I7: =Mansfield!I7+Homer!I7+'North Webster'!I7+Woodlawn!I7+Loyola!I7+'North DeSoto'!I7+BTW!I7+Bossier!I7+Northwood!I7+Southwood!I7+'Playoff 1'!I7 -> 5 | J7: =Mansfield!J7+Homer!J7+'North Webster'!J7+Woodlawn!J7+Loyola!J7+'North DeSoto'!J7+BTW!J7+Bossier!J7+Northwood!J7+Southwood!J7+'Playoff 1'!J7 -> 3 | K7: =Mansfield!K7+Homer!K7+'North Webster'!K7+Woodlawn!K7+Loyola!K7+'North DeSoto'!K7+BTW!K7+Bossier!K7+Northwood!K7+Southwood!K7+'Playoff 1'!K7 -> 0 | L7: =Mansfield!L7+Homer!L7+'North Webster'!L7+Woodlawn!L7+Loyola!L7+'North DeSoto'!L7+BTW!L7+Bossier!L7+Northwood!L7+Southwood!L7+'Playoff 1'!L7 -> 0 | M7: =Mansfield!M7+Homer!M7+'North Webster'!M7+Woodlawn!M7+Loyola!M7+'North DeSoto'!M7+BTW!M7+Bossier!M7+Northwood!M7+Southwood!M7+'Playoff 1'!M7 -> 0 | N7: =Mansfield!N7+Homer!N7+'North Webster'!N7+Woodlawn!N7+Loyola!N7+'North DeSoto'!N7+BTW!N7+Bossier!N7+Northwood!N7+Southwood!N7+'Playoff 1'!N7 -> 0
A8: Kennedy Burns | B8: 10 | C8: =Mansfield!C8+Homer!C8+'North Webster'!C8+Woodlawn!C8+Loyola!C8+'North DeSoto'!C8+BTW!C8+Bossier!C8+Northwood!C8+Southwood!C8+'Playoff 1'!C8 -> 10 | D8: =Mansfield!D8+Homer!D8+'North Webster'!D8+Woodlawn!D8+Loyola!D8+'North DeSoto'!D8+BTW!D8+Bossier!D8+Northwood!D8+Southwood!D8+'Playoff 1'!D8 -> 11 | E8: =SUM(C8:D8) -> 21 | F8: =Mansfield!F8+Homer!F8+'North Webster'!F8+Woodlawn!F8+Loyola!F8+'North DeSoto'!F8+BTW!F8+Bossier!F8+Northwood!F8+Southwood!F8+'Playoff 1'!F8 -> 3 | G8: =Mansfield!G8+Homer!G8+'North Webster'!G8+Woodlawn!G8+Loyola!G8+'North DeSoto'!G8+BTW!G8+Bossier!G8+Northwood!G8+Southwood!G8+'Playoff 1'!G8 -> 1 | H8: =Mansfield!H8+Homer!H8+'North Webster'!H8+Woodlawn!H8+Loyola!H8+'North DeSoto'!H8+BTW!H8+Bossier!H8+Northwood!H8+Southwood!H8+'Playoff 1'!H8 -> 0 | I8: =Mansfield!I8+Homer!I8+'North Webster'!I8+Woodlawn!I8+Loyola!I8+'North DeSoto'!I8+BTW!I8+Bossier!I8+Northwood!I8+Southwood!I8+'Playoff 1'!I8 -> 0 | J8: =Mansfield!J8+Homer!J8+'North Webster'!J8+Woodlawn!J8+Loyola!J8+'North DeSoto'!J8+BTW!J8+Bossier!J8+Northwood!J8+Southwood!J8+'Playoff 1'!J8 -> 1 | K8: =Mansfield!K8+Homer!K8+'North Webster'!K8+Woodlawn!K8+Loyola!K8+'North DeSoto'!K8+BTW!K8+Bossier!K8+Northwood!K8+Southwood!K8+'Playoff 1'!K8 -> 0 | L8: =Mansfield!L8+Homer!L8+'North Webster'!L8+Woodlawn!L8+Loyola!L8+'North DeSoto'!L8+BTW!L8+Bossier!L8+Northwood!L8+Southwood!L8+'Playoff 1'!L8 -> 0 | M8: =Mansfield!M8+Homer!M8+'North Webster'!M8+Woodlawn!M8+Loyola!M8+'North DeSoto'!M8+BTW!M8+Bossier!M8+Northwood!M8+Southwood!M8+'Playoff 1'!M8 -> 0 | N8: =Mansfield!N8+Homer!N8+'North Webster'!N8+Woodlawn!N8+Loyola!N8+'North DeSoto'!N8+BTW!N8+Bossier!N8+Northwood!N8+Southwood!N8+'Playoff 1'!N8 -> 0
A9: Jeremiah Jones | B9: 11 | C9: =Mansfield!C9+Homer!C9+'North Webster'!C9+Woodlawn!C9+Loyola!C9+'North DeSoto'!C9+BTW!C9+Bossier!C9+Northwood!C9+Southwood!C9+'Playoff 1'!C9 -> 18 | D9: =Mansfield!D9+Homer!D9+'North Webster'!D9+Woodlawn!D9+Loyola!D9+'North DeSoto'!D9+BTW!D9+Bossier!D9+Northwood!D9+Southwood!D9+'Playoff 1'!D9 -> 35 | E9: =SUM(C9:D9) -> 53 | F9: =Mansfield!F9+Homer!F9+'North Webster'!F9+Woodlawn!F9+Loyola!F9+'North DeSoto'!F9+BTW!F9+Bossier!F9+Northwood!F9+Southwood!F9+'Playoff 1'!F9 -> 19 | G9: =Mansfield!G9+Homer!G9+'North Webster'!G9+Woodlawn!G9+Loyola!G9+'North DeSoto'!G9+BTW!G9+Bossier!G9+Northwood!G9+Southwood!G9+'Playoff 1'!G9 -> 10 | H9: =Mansfield!H9+Homer!H9+'North Webster'!H9+Woodlawn!H9+Loyola!H9+'North DeSoto'!H9+BTW!H9+Bossier!H9+Northwood!H9+Southwood!H9+'Playoff 1'!H9 -> 19 | I9: =Mansfield!I9+Homer!I9+'North Webster'!I9+Woodlawn!I9+Loyola!I9+'North DeSoto'!I9+BTW!I9+Bossier!I9+Northwood!I9+Southwood!I9+'Playoff 1'!I9 -> 0 | J9: =Mansfield!J9+Homer!J9+'North Webster'!J9+Woodlawn!J9+Loyola!J9+'North DeSoto'!J9+BTW!J9+Bossier!J9+Northwood!J9+Southwood!J9+'Playoff 1'!J9 -> 0 | K9: =Mansfield!K9+Homer!K9+'North Webster'!K9+Woodlawn!K9+Loyola!K9+'North DeSoto'!K9+BTW!K9+Bossier!K9+Northwood!K9+Southwood!K9+'Playoff 1'!K9 -> 3 | L9: =Mansfield!L9+Homer!L9+'North Webster'!L9+Woodlawn!L9+Loyola!L9+'North DeSoto'!L9+BTW!L9+Bossier!L9+Northwood!L9+Southwood!L9+'Playoff 1'!L9 -> 0 | M9: =Mansfield!M9+Homer!M9+'North Webster'!M9+Woodlawn!M9+Loyola!M9+'North DeSoto'!M9+BTW!M9+Bossier!M9+Northwood!M9+Southwood!M9+'Playoff 1'!M9 -> 0 | N9: =Mansfield!N9+Homer!N9+'North Webster'!N9+Woodlawn!N9+Loyola!N9+'North DeSoto'!N9+BTW!N9+Bossier!N9+Northwood!N9+Southwood!N9+'Playoff 1'!N9 -> 0
A10: Tyree Davis | B10: 22 | C10: =Mansfield!C10+Homer!C10+'North Webster'!C10+Woodlawn!C10+Loyola!C10+'North DeSoto'!C10+BTW!C10+Bossier!C10+Northwood!C10+Southwood!C10+'Playoff 1'!C10 -> 7 | D10: =Mansfield!D10+Homer!D10+'North Webster'!D10+Woodlawn!D10+Loyola!D10+'North DeSoto'!D10+BTW!D10+Bossier!D10+Northwood!D10+Southwood!D10+'Playoff 1'!D10 -> 16 | E10: =SUM(C10:D10) -> 23 | F10: =Mansfield!F10+Homer!F10+'North Webster'!F10+Woodlawn!F10+Loyola!F10+'North DeSoto'!F10+BTW!F10+Bossier!F10+Northwood!F10+Southwood!F10+'Playoff 1'!F10 -> 4 | G10: =Mansfield!G10+Homer!G10+'North Webster'!G10+Woodlawn!G10+Loyola!G10+'North DeSoto'!G10+BTW!G10+Bossier!G10+Northwood!G10+Southwood!G10+'Playoff 1'!G10 -> 0 | H10: =Mansfield!H10+Homer!H10+'North Webster'!H10+Woodlawn!H10+Loyola!H10+'North DeSoto'!H10+BTW!H10+Bossier!H10+Northwood!H10+Southwood!H10+'Playoff 1'!H10 -> 0 | I10: =Mansfield!I10+Homer!I10+'North Webster'!I10+Woodlawn!I10+Loyola!I10+'North DeSoto'!I10+BTW!I10+Bossier!I10+Northwood!I10+Southwood!I10+'Playoff 1'!I10 -> 1 | J10: =Mansfield!J10+Homer!J10+'North Webster'!J10+Woodlawn!J10+Loyola!J10+'North DeSoto'!J10+BTW!J10+Bossier!J10+Northwood!J10+Southwood!J10+'Playoff 1'!J10 -> 0 | K10: =Mansfield!K10+Homer!K10+'North Webster'!K10+Woodlawn!K10+Loyola!K10+'North DeSoto'!K10+BTW!K10+Bossier!K10+Northwood!K10+Southwood!K10+'Playoff 1'!K10 -> 0 | L10: =Mansfield!L10+Homer!L10+'North Webster'!L10+Woodlawn!L10+Loyola!L10+'North DeSoto'!L10+BTW!L10+Bossier!L10+Northwood!L10+Southwood!L10+'Playoff 1'!L10 -> 0 | M10: =Mansfield!M10+Homer!M10+'North Webster'!M10+Woodlawn!M10+Loyola!M10+'North DeSoto'!M10+BTW!M10+Bossier!M10+Northwood!M10+Southwood!M10+'Playoff 1'!M10 -> 0 | N10: =Mansfield!N10+Homer!N10+'North Webster'!N10+Woodlawn!N10+Loyola!N10+'North DeSoto'!N10+BTW!N10+Bossier!N10+Northwood!N10+Southwood!N10+'Playoff 1'!N10 -> 0
A11: Holt Holliday | B11: 24 | C11: =Mansfield!C11+Homer!C11+'North Webster'!C11+Woodlawn!C11+Loyola!C11+'North DeSoto'!C11+BTW!C11+Bossier!C11+Northwood!C11+Southwood!C11+'Playoff 1'!C11 -> 12 | D11: =Mansfield!D11+Homer!D11+'North Webster'!D11+Woodlawn!D11+Loyola!D11+'North DeSoto'!D11+BTW!D11+Bossier!D11+Northwood!D11+Southwood!D11+'Playoff 1'!D11 -> 18 | E11: =SUM(C11:D11) -> 30 | F11: =Mansfield!F11+Homer!F11+'North Webster'!F11+Woodlawn!F11+Loyola!F11+'North DeSoto'!F11+BTW!F11+Bossier!F11+Northwood!F11+Southwood!F11+'Playoff 1'!F11 -> 5 | G11: =Mansfield!G11+Homer!G11+'North Webster'!G11+Woodlawn!G11+Loyola!G11+'North DeSoto'!G11+BTW!G11+Bossier!G11+Northwood!G11+Southwood!G11+'Playoff 1'!G11 -> 1 | H11: =Mansfield!H11+Homer!H11+'North Webster'!H11+Woodlawn!H11+Loyola!H11+'North DeSoto'!H11+BTW!H11+Bossier!H11+Northwood!H11+Southwood!H11+'Playoff 1'!H11 -> 1 | I11: =Mansfield!I11+Homer!I11+'North Webster'!I11+Woodlawn!I11+Loyola!I11+'North DeSoto'!I11+BTW!I11+Bossier!I11+Northwood!I11+Southwood!I11+'Playoff 1'!I11 -> 1 | J11: =Mansfield!J11+Homer!J11+'North Webster'!J11+Woodlawn!J11+Loyola!J11+'North DeSoto'!J11+BTW!J11+Bossier!J11+Northwood!J11+Southwood!J11+'Playoff 1'!J11 -> 0 | K11: =Mansfield!K11+Homer!K11+'North Webster'!K11+Woodlawn!K11+Loyola!K11+'North DeSoto'!K11+BTW!K11+Bossier!K11+Northwood!K11+Southwood!K11+'Playoff 1'!K11 -> 0 | L11: =Mansfield!L11+Homer!L11+'North Webster'!L11+Woodlawn!L11+Loyola!L11+'North DeSoto'!L11+BTW!L11+Bossier!L11+Northwood!L11+Southwood!L11+'Playoff 1'!L11 -> 0 | M11: =Mansfield!M11+Homer!M11+'North Webster'!M11+Woodlawn!M11+Loyola!M11+'North DeSoto'!M11+BTW!M11+Bossier!M11+Northwood!M11+Southwood!M11+'Playoff 1'!M11 -> 0 | N11: =Mansfield!N11+Homer!N11+'North Webster'!N11+Woodlawn!N11+Loyola!N11+'North DeSoto'!N11+BTW!N11+Bossier!N11+Northwood!N11+Southwood!N11+'Playoff 1'!N11 -> 0
A12: Kaiden Britton | B12: 29 | C12: =Mansfield!C12+Homer!C12+'North Webster'!C12+Woodlawn!C12+Loyola!C12+'North DeSoto'!C12+BTW!C12+Bossier!C12+Northwood!C12+Southwood!C12+'Playoff 1'!C12 -> 0 | D12: =Mansfield!D12+Homer!D12+'North Webster'!D12+Woodlawn!D12+Loyola!D12+'North DeSoto'!D12+BTW!D12+Bossier!D12+Northwood!D12+Southwood!D12+'Playoff 1'!D12 -> 5 | E12: =SUM(C12:D12) -> 5 | F12: =Mansfield!F12+Homer!F12+'North Webster'!F12+Woodlawn!F12+Loyola!F12+'North DeSoto'!F12+BTW!F12+Bossier!F12+Northwood!F12+Southwood!F12+'Playoff 1'!F12 -> 0 | G12: =Mansfield!G12+Homer!G12+'North Webster'!G12+Woodlawn!G12+Loyola!G12+'North DeSoto'!G12+BTW!G12+Bossier!G12+Northwood!G12+Southwood!G12+'Playoff 1'!G12 -> 0 | H12: =Mansfield!H12+Homer!H12+'North Webster'!H12+Woodlawn!H12+Loyola!H12+'North DeSoto'!H12+BTW!H12+Bossier!H12+Northwood!H12+Southwood!H12+'Playoff 1'!H12 -> 0 | I12: =Mansfield!I12+Homer!I12+'North Webster'!I12+Woodlawn!I12+Loyola!I12+'North DeSoto'!I12+BTW!I12+Bossier!I12+Northwood!I12+Southwood!I12+'Playoff 1'!I12 -> 0 | J12: =Mansfield!J12+Homer!J12+'North Webster'!J12+Woodlawn!J12+Loyola!J12+'North DeSoto'!J12+BTW!J12+Bossier!J12+Northwood!J12+Southwood!J12+'Playoff 1'!J12 -> 0 | K12: =Mansfield!K12+Homer!K12+'North Webster'!K12+Woodlawn!K12+Loyola!K12+'North DeSoto'!K12+BTW!K12+Bossier!K12+Northwood!K12+Southwood!K12+'Playoff 1'!K12 -> 0 | L12: =Mansfield!L12+Homer!L12+'North Webster'!L12+Woodlawn!L12+Loyola!L12+'North DeSoto'!L12+BTW!L12+Bossier!L12+Northwood!L12+Southwood!L12+'Playoff 1'!L12 -> 0 | M12: =Mansfield!M12+Homer!M12+'North Webster'!M12+Woodlawn!M12+Loyola!M12+'North DeSoto'!M12+BTW!M12+Bossier!M12+Northwood!M12+Southwood!M12+'Playoff 1'!M12 -> 0 | N12: =Mansfield!N12+Homer!N12+'North Webster'!N12+Woodlawn!N12+Loyola!N12+'North DeSoto'!N12+BTW!N12+Bossier!N12+Northwood!N12+Southwood!N12+'Playoff 1'!N12 -> 0
A13: Davion Mims | B13: 31 | C13: =Mansfield!C13+Homer!C13+'North Webster'!C13+Woodlawn!C13+Loyola!C13+'North DeSoto'!C13+BTW!C13+Bossier!C13+Northwood!C13+Southwood!C13+'Playoff 1'!C13 -> 5 | D13: =Mansfield!D13+Homer!D13+'North Webster'!D13+Woodlawn!D13+Loyola!D13+'North DeSoto'!D13+BTW!D13+Bossier!D13+Northwood!D13+Southwood!D13+'Playoff 1'!D13 -> 21 | E13: =SUM(C13:D13) -> 26 | F13: =Mansfield!F13+Homer!F13+'North Webster'!F13+Woodlawn!F13+Loyola!F13+'North DeSoto'!F13+BTW!F13+Bossier!F13+Northwood!F13+Southwood!F13+'Playoff 1'!F13 -> 6 | G13: =Mansfield!G13+Homer!G13+'North Webster'!G13+Woodlawn!G13+Loyola!G13+'North DeSoto'!G13+BTW!G13+Bossier!G13+Northwood!G13+Southwood!G13+'Playoff 1'!G13 -> 3 | H13: =Mansfield!H13+Homer!H13+'North Webster'!H13+Woodlawn!H13+Loyola!H13+'North DeSoto'!H13+BTW!H13+Bossier!H13+Northwood!H13+Southwood!H13+'Playoff 1'!H13 -> 2 | I13: =Mansfield!I13+Homer!I13+'North Webster'!I13+Woodlawn!I13+Loyola!I13+'North DeSoto'!I13+BTW!I13+Bossier!I13+Northwood!I13+Southwood!I13+'Playoff 1'!I13 -> 0 | J13: =Mansfield!J13+Homer!J13+'North Webster'!J13+Woodlawn!J13+Loyola!J13+'North DeSoto'!J13+BTW!J13+Bossier!J13+Northwood!J13+Southwood!J13+'Playoff 1'!J13 -> 0 | K13: =Mansfield!K13+Homer!K13+'North Webster'!K13+Woodlawn!K13+Loyola!K13+'North DeSoto'!K13+BTW!K13+Bossier!K13+Northwood!K13+Southwood!K13+'Playoff 1'!K13 -> 0 | L13: =Mansfield!L13+Homer!L13+'North Webster'!L13+Woodlawn!L13+Loyola!L13+'North DeSoto'!L13+BTW!L13+Bossier!L13+Northwood!L13+Southwood!L13+'Playoff 1'!L13 -> 1 | M13: =Mansfield!M13+Homer!M13+'North Webster'!M13+Woodlawn!M13+Loyola!M13+'North DeSoto'!M13+BTW!M13+Bossier!M13+Northwood!M13+Southwood!M13+'Playoff 1'!M13 -> 0 | N13: =Mansfield!N13+Homer!N13+'North Webster'!N13+Woodlawn!N13+Loyola!N13+'North DeSoto'!N13+BTW!N13+Bossier!N13+Northwood!N13+Southwood!N13+'Playoff 1'!N13 -> 0
A14: Ian Clark | B14: 32 | C14: =Mansfield!C14+Homer!C14+'North Webster'!C14+Woodlawn!C14+Loyola!C14+'North DeSoto'!C14+BTW!C14+Bossier!C14+Northwood!C14+Southwood!C14+'Playoff 1'!C14 -> 2 | D14: =Mansfield!D14+Homer!D14+'North Webster'!D14+Woodlawn!D14+Loyola!D14+'North DeSoto'!D14+BTW!D14+Bossier!D14+Northwood!D14+Southwood!D14+'Playoff 1'!D14 -> 2 | E14: =SUM(C14:D14) -> 4 | F14: =Mansfield!F14+Homer!F14+'North Webster'!F14+Woodlawn!F14+Loyola!F14+'North DeSoto'!F14+BTW!F14+Bossier!F14+Northwood!F14+Southwood!F14+'Playoff 1'!F14 -> 0 | G14: =Mansfield!G14+Homer!G14+'North Webster'!G14+Woodlawn!G14+Loyola!G14+'North DeSoto'!G14+BTW!G14+Bossier!G14+Northwood!G14+Southwood!G14+'Playoff 1'!G14 -> 0 | H14: =Mansfield!H14+Homer!H14+'North Webster'!H14+Woodlawn!H14+Loyola!H14+'North DeSoto'!H14+BTW!H14+Bossier!H14+Northwood!H14+Southwood!H14+'Playoff 1'!H14 -> 0 | I14: =Mansfield!I14+Homer!I14+'North Webster'!I14+Woodlawn!I14+Loyola!I14+'North DeSoto'!I14+BTW!I14+Bossier!I14+Northwood!I14+Southwood!I14+'Playoff 1'!I14 -> 0 | J14: =Mansfield!J14+Homer!J14+'North Webster'!J14+Woodlawn!J14+Loyola!J14+'North DeSoto'!J14+BTW!J14+Bossier!J14+Northwood!J14+Southwood!J14+'Playoff 1'!J14 -> 0 | K14: =Mansfield!K14+Homer!K14+'North Webster'!K14+Woodlawn!K14+Loyola!K14+'North DeSoto'!K14+BTW!K14+Bossier!K14+Northwood!K14+Southwood!K14+'Playoff 1'!K14 -> 0 | L14: =Mansfield!L14+Homer!L14+'North Webster'!L14+Woodlawn!L14+Loyola!L14+'North DeSoto'!L14+BTW!L14+Bossier!L14+Northwood!L14+Southwood!L14+'Playoff 1'!L14 -> 1 | M14: =Mansfield!M14+Homer!M14+'North Webster'!M14+Woodlawn!M14+Loyola!M14+'North DeSoto'!M14+BTW!M14+Bossier!M14+Northwood!M14+Southwood!M14+'Playoff 1'!M14 -> 0 | N14: =Mansfield!N14+Homer!N14+'North Webster'!N14+Woodlawn!N14+Loyola!N14+'North DeSoto'!N14+BTW!N14+Bossier!N14+Northwood!N14+Southwood!N14+'Playoff 1'!N14 -> 0
... A28: Noal Wiggins | B28: 82 | C28: =Mansfield!C28+Homer!C28+'North Webster'!C28+Woodlawn!C28+Loyola!C28+'North DeSoto'!C28+BTW!C28+Bossier!C28+Northwood!C28+Southwood!C28+'Playoff 1'!C28 -> 1 | D28: =Mansfield!D28+Homer!D28+'North Webster'!D28+Woodlawn!D28+Loyola!D28+'North DeSoto'!D28+BTW!D28+Bossier!D28+Northwood!D28+Southwood!D28+'Playoff 1'!D28 -> 3 | E28: =SUM(C28:D28) -> 4 | F28: =Mansfield!F28+Homer!F28+'North Webster'!F28+Woodlawn!F28+Loyola!F28+'North DeSoto'!F28+BTW!F28+Bossier!F28+Northwood!F28+Southwood!F28+'Playoff 1'!F28 -> 0 | G28: =Mansfield!G28+Homer!G28+'North Webster'!G28+Woodlawn!G28+Loyola!G28+'North DeSoto'!G28+BTW!G28+Bossier!G28+Northwood!G28+Southwood!G28+'Playoff 1'!G28 -> 0 | H28: =Mansfield!H28+Homer!H28+'North Webster'!H28+Woodlawn!H28+Loyola!H28+'North DeSoto'!H28+BTW!H28+Bossier!H28+Northwood!H28+Southwood!H28+'Playoff 1'!H28 -> 1 | I28: =Mansfield!I28+Homer!I28+'North Webster'!I28+Woodlawn!I28+Loyola!I28+'North DeSoto'!I28+BTW!I28+Bossier!I28+Northwood!I28+Southwood!I28+'Playoff 1'!I28 -> 0 | J28: =Mansfield!J28+Homer!J28+'North Webster'!J28+Woodlawn!J28+Loyola!J28+'North DeSoto'!J28+BTW!J28+Bossier!J28+Northwood!J28+Southwood!J28+'Playoff 1'!J28 -> 0 | K28: =Mansfield!K28+Homer!K28+'North Webster'!K28+Woodlawn!K28+Loyola!K28+'North DeSoto'!K28+BTW!K28+Bossier!K28+Northwood!K28+Southwood!K28+'Playoff 1'!K28 -> 1 | L28: =Mansfield!L28+Homer!L28+'North Webster'!L28+Woodlawn!L28+Loyola!L28+'North DeSoto'!L28+BTW!L28+Bossier!L28+Northwood!L28+Southwood!L28+'Playoff 1'!L28 -> 0 | M28: =Mansfield!M28+Homer!M28+'North Webster'!M28+Woodlawn!M28+Loyola!M28+'North DeSoto'!M28+BTW!M28+Bossier!M28+Northwood!M28+Southwood!M28+'Playoff 1'!M28 -> 0 | N28: =Mansfield!N28+Homer!N28+'North Webster'!N28+Woodlawn!N28+Loyola!N28+'North DeSoto'!N28+BTW!N28+Bossier!N28+Northwood!N28+Southwood!N28+'Playoff 1'!N28 -> 0
